<?xml version="1.0" encoding="UTF-8"?>
<project-private xmlns="http://www.netbeans.org/ns/project-private/1">
    <editor-bookmarks xmlns="http://www.netbeans.org/ns/editor-bookmarks/2" lastBookmarkId="0"/>
    <open-files xmlns="http://www.netbeans.org/ns/projectui-open-files/2">
        <group>
            <file>file:/home/juanma/UGR/DBA/DBA_UGR/PR2_DBA/src/main/PR2_DBA.java</file>
            <file>file:/home/juanma/UGR/DBA/DBA_UGR/PR2_DBA/src/comportamientos/hacerMov.java</file>
            <file>file:/home/juanma/UGR/DBA/DBA_UGR/PR2_DBA/src/movimientos/Movimientos.java</file>
            <file>file:/home/juanma/UGR/DBA/DBA_UGR/PR2_DBA/src/agente/Agente.java</file>
            <file>file:/home/juanma/UGR/DBA/DBA_UGR/PR2_DBA/src/agente/Percepcion.java</file>
            <file>file:/home/juanma/UGR/DBA/DBA_UGR/PR2_DBA/src/entorno/Entorno.java</file>
            <file>file:/home/juanma/UGR/DBA/DBA_UGR/PR2_DBA/src/agente/Posicion.java</file>
            <file>file:/home/juanma/UGR/DBA/DBA_UGR/PR2_DBA/src/entorno/MapLoader.java</file>
            <file>file:/home/juanma/UGR/DBA/DBA_UGR/PR2_DBA/src/entorno/Mapa.java</file>
        </group>
    </open-files>
</project-private>
